timestamp,zone,total
01/02/2023 00:00:00,Gare de Charleroi,222
01/02/2023 01:00:00,Gare de Charleroi,229
01/02/2023 02:00:00,Gare de Charleroi,230
01/02/2023 03:00:00,Gare de Charleroi,236
01/02/2023 04:00:00,Gare de Charleroi,329
01/02/2023 05:00:00,Gare de Charleroi,407
01/02/2023 06:00:00,Gare de Charleroi,615
01/02/2023 07:00:00,Gare de Charleroi,945
01/02/2023 08:00:00,Gare de Charleroi,855
01/02/2023 09:00:00,Gare de Charleroi,939
01/02/2023 10:00:00,Gare de Charleroi,897
01/02/2023 11:00:00,Gare de Charleroi,944
01/02/2023 12:00:00,Gare de Charleroi,1187
01/02/2023 13:00:00,Gare de Charleroi,1068
01/02/2023 14:00:00,Gare de Charleroi,962
01/02/2023 15:00:00,Gare de Charleroi,947
01/02/2023 16:00:00,Gare de Charleroi,931
01/02/2023 17:00:00,Gare de Charleroi,865
01/02/2023 18:00:00,Gare de Charleroi,668
01/02/2023 19:00:00,Gare de Charleroi,669
01/02/2023 20:00:00,Gare de Charleroi,569
01/02/2023 21:00:00,Gare de Charleroi,507
01/02/2023 22:00:00,Gare de Charleroi,352
01/02/2023 23:00:00,Gare de Charleroi,382
02/02/2023 00:00:00,Gare de Charleroi,368
02/02/2023 01:00:00,Gare de Charleroi,339
02/02/2023 02:00:00,Gare de Charleroi,275
02/02/2023 03:00:00,Gare de Charleroi,375
02/02/2023 04:00:00,Gare de Charleroi,389
02/02/2023 05:00:00,Gare de Charleroi,362
02/02/2023 06:00:00,Gare de Charleroi,640
02/02/2023 07:00:00,Gare de Charleroi,865
02/02/2023 08:00:00,Gare de Charleroi,794
02/02/2023 09:00:00,Gare de Charleroi,845
02/02/2023 10:00:00,Gare de Charleroi,994
02/02/2023 11:00:00,Gare de Charleroi,1062
02/02/2023 12:00:00,Gare de Charleroi,1093
02/02/2023 13:00:00,Gare de Charleroi,1059
02/02/2023 14:00:00,Gare de Charleroi,1038
02/02/2023 15:00:00,Gare de Charleroi,956
02/02/2023 16:00:00,Gare de Charleroi,990
02/02/2023 17:00:00,Gare de Charleroi,762
02/02/2023 18:00:00,Gare de Charleroi,652
02/02/2023 19:00:00,Gare de Charleroi,565
02/02/2023 20:00:00,Gare de Charleroi,446
02/02/2023 21:00:00,Gare de Charleroi,485
02/02/2023 22:00:00,Gare de Charleroi,462
02/02/2023 23:00:00,Gare de Charleroi,377
03/02/2023 00:00:00,Gare de Charleroi,375
03/02/2023 01:00:00,Gare de Charleroi,281
03/02/2023 02:00:00,Gare de Charleroi,257
03/02/2023 03:00:00,Gare de Charleroi,277
03/02/2023 04:00:00,Gare de Charleroi,260
03/02/2023 05:00:00,Gare de Charleroi,313
03/02/2023 06:00:00,Gare de Charleroi,302
03/02/2023 07:00:00,Gare de Charleroi,706
03/02/2023 08:00:00,Gare de Charleroi,975
03/02/2023 09:00:00,Gare de Charleroi,954
03/02/2023 10:00:00,Gare de Charleroi,1074
03/02/2023 11:00:00,Gare de Charleroi,1089
03/02/2023 12:00:00,Gare de Charleroi,1133
03/02/2023 13:00:00,Gare de Charleroi,1164
03/02/2023 14:00:00,Gare de Charleroi,1091
03/02/2023 15:00:00,Gare de Charleroi,1312
03/02/2023 16:00:00,Gare de Charleroi,1185
03/02/2023 17:00:00,Gare de Charleroi,886
03/02/2023 18:00:00,Gare de Charleroi,1014
03/02/2023 19:00:00,Gare de Charleroi,670
03/02/2023 20:00:00,Gare de Charleroi,581
03/02/2023 21:00:00,Gare de Charleroi,525
03/02/2023 22:00:00,Gare de Charleroi,434
03/02/2023 23:00:00,Gare de Charleroi,426
04/02/2023 00:00:00,Gare de Charleroi,369
04/02/2023 01:00:00,Gare de Charleroi,276
04/02/2023 02:00:00,Gare de Charleroi,272
04/02/2023 03:00:00,Gare de Charleroi,257
04/02/2023 04:00:00,Gare de Charleroi,240
04/02/2023 05:00:00,Gare de Charleroi,261
04/02/2023 06:00:00,Gare de Charleroi,243
04/02/2023 07:00:00,Gare de Charleroi,235
04/02/2023 08:00:00,Gare de Charleroi,261
04/02/2023 09:00:00,Gare de Charleroi,525
04/02/2023 10:00:00,Gare de Charleroi,661
04/02/2023 11:00:00,Gare de Charleroi,756
04/02/2023 12:00:00,Gare de Charleroi,885
04/02/2023 13:00:00,Gare de Charleroi,807
04/02/2023 14:00:00,Gare de Charleroi,959
04/02/2023 15:00:00,Gare de Charleroi,1059
04/02/2023 16:00:00,Gare de Charleroi,985
04/02/2023 17:00:00,Gare de Charleroi,952
04/02/2023 18:00:00,Gare de Charleroi,837
04/02/2023 19:00:00,Gare de Charleroi,673
04/02/2023 20:00:00,Gare de Charleroi,548
04/02/2023 21:00:00,Gare de Charleroi,470
04/02/2023 22:00:00,Gare de Charleroi,479
04/02/2023 23:00:00,Gare de Charleroi,417
05/02/2023 00:00:00,Gare de Charleroi,438
05/02/2023 01:00:00,Gare de Charleroi,316
05/02/2023 02:00:00,Gare de Charleroi,409
05/02/2023 03:00:00,Gare de Charleroi,342
05/02/2023 04:00:00,Gare de Charleroi,291
05/02/2023 05:00:00,Gare de Charleroi,286
05/02/2023 06:00:00,Gare de Charleroi,364
05/02/2023 07:00:00,Gare de Charleroi,410
05/02/2023 08:00:00,Gare de Charleroi,491
05/02/2023 09:00:00,Gare de Charleroi,492
05/02/2023 10:00:00,Gare de Charleroi,540
05/02/2023 11:00:00,Gare de Charleroi,501
05/02/2023 12:00:00,Gare de Charleroi,485
05/02/2023 13:00:00,Gare de Charleroi,476
05/02/2023 14:00:00,Gare de Charleroi,499
05/02/2023 15:00:00,Gare de Charleroi,562
05/02/2023 16:00:00,Gare de Charleroi,519
05/02/2023 17:00:00,Gare de Charleroi,550
05/02/2023 18:00:00,Gare de Charleroi,549
05/02/2023 19:00:00,Gare de Charleroi,480
05/02/2023 20:00:00,Gare de Charleroi,419
05/02/2023 21:00:00,Gare de Charleroi,274
05/02/2023 22:00:00,Gare de Charleroi,337
05/02/2023 23:00:00,Gare de Charleroi,257
06/02/2023 00:00:00,Gare de Charleroi,240
06/02/2023 01:00:00,Gare de Charleroi,240
06/02/2023 02:00:00,Gare de Charleroi,245
06/02/2023 03:00:00,Gare de Charleroi,246
06/02/2023 04:00:00,Gare de Charleroi,282
06/02/2023 05:00:00,Gare de Charleroi,326
06/02/2023 06:00:00,Gare de Charleroi,675
06/02/2023 07:00:00,Gare de Charleroi,880
06/02/2023 08:00:00,Gare de Charleroi,855
06/02/2023 09:00:00,Gare de Charleroi,1020
06/02/2023 10:00:00,Gare de Charleroi,1015
06/02/2023 11:00:00,Gare de Charleroi,1125
06/02/2023 12:00:00,Gare de Charleroi,1057
06/02/2023 13:00:00,Gare de Charleroi,1146
06/02/2023 14:00:00,Gare de Charleroi,1126
06/02/2023 15:00:00,Gare de Charleroi,1034
06/02/2023 16:00:00,Gare de Charleroi,947
06/02/2023 17:00:00,Gare de Charleroi,804
06/02/2023 18:00:00,Gare de Charleroi,629
06/02/2023 19:00:00,Gare de Charleroi,493
06/02/2023 20:00:00,Gare de Charleroi,437
06/02/2023 21:00:00,Gare de Charleroi,395
06/02/2023 22:00:00,Gare de Charleroi,412
06/02/2023 23:00:00,Gare de Charleroi,315
07/02/2023 00:00:00,Gare de Charleroi,274
07/02/2023 01:00:00,Gare de Charleroi,283
07/02/2023 02:00:00,Gare de Charleroi,273
07/02/2023 03:00:00,Gare de Charleroi,271
07/02/2023 04:00:00,Gare de Charleroi,252
07/02/2023 05:00:00,Gare de Charleroi,325
07/02/2023 06:00:00,Gare de Charleroi,676
07/02/2023 07:00:00,Gare de Charleroi,898
07/02/2023 08:00:00,Gare de Charleroi,1072
07/02/2023 09:00:00,Gare de Charleroi,1050
07/02/2023 10:00:00,Gare de Charleroi,925
07/02/2023 11:00:00,Gare de Charleroi,1029
07/02/2023 12:00:00,Gare de Charleroi,1145
07/02/2023 13:00:00,Gare de Charleroi,1285
07/02/2023 14:00:00,Gare de Charleroi,1187
07/02/2023 15:00:00,Gare de Charleroi,1350
07/02/2023 16:00:00,Gare de Charleroi,1087
07/02/2023 17:00:00,Gare de Charleroi,880
07/02/2023 18:00:00,Gare de Charleroi,626
07/02/2023 19:00:00,Gare de Charleroi,556
07/02/2023 20:00:00,Gare de Charleroi,420
07/02/2023 21:00:00,Gare de Charleroi,291
07/02/2023 22:00:00,Gare de Charleroi,364
07/02/2023 23:00:00,Gare de Charleroi,328
08/02/2023 00:00:00,Gare de Charleroi,298
08/02/2023 01:00:00,Gare de Charleroi,256
08/02/2023 02:00:00,Gare de Charleroi,223
08/02/2023 03:00:00,Gare de Charleroi,249
08/02/2023 04:00:00,Gare de Charleroi,234
08/02/2023 05:00:00,Gare de Charleroi,272
08/02/2023 06:00:00,Gare de Charleroi,552
08/02/2023 07:00:00,Gare de Charleroi,825
08/02/2023 08:00:00,Gare de Charleroi,816
08/02/2023 09:00:00,Gare de Charleroi,852
08/02/2023 10:00:00,Gare de Charleroi,996
08/02/2023 11:00:00,Gare de Charleroi,951
08/02/2023 12:00:00,Gare de Charleroi,1219
08/02/2023 13:00:00,Gare de Charleroi,1303
08/02/2023 14:00:00,Gare de Charleroi,1111
08/02/2023 15:00:00,Gare de Charleroi,1057
08/02/2023 16:00:00,Gare de Charleroi,971
08/02/2023 17:00:00,Gare de Charleroi,963
08/02/2023 18:00:00,Gare de Charleroi,749
08/02/2023 19:00:00,Gare de Charleroi,578
08/02/2023 20:00:00,Gare de Charleroi,477
08/02/2023 21:00:00,Gare de Charleroi,420
08/02/2023 22:00:00,Gare de Charleroi,392
08/02/2023 23:00:00,Gare de Charleroi,400
09/02/2023 00:00:00,Gare de Charleroi,360
09/02/2023 01:00:00,Gare de Charleroi,352
09/02/2023 02:00:00,Gare de Charleroi,361
09/02/2023 03:00:00,Gare de Charleroi,406
09/02/2023 04:00:00,Gare de Charleroi,286
09/02/2023 05:00:00,Gare de Charleroi,437
09/02/2023 06:00:00,Gare de Charleroi,579
09/02/2023 07:00:00,Gare de Charleroi,913
09/02/2023 08:00:00,Gare de Charleroi,941
09/02/2023 09:00:00,Gare de Charleroi,1009
09/02/2023 10:00:00,Gare de Charleroi,1093
09/02/2023 11:00:00,Gare de Charleroi,1048
09/02/2023 12:00:00,Gare de Charleroi,1081
09/02/2023 13:00:00,Gare de Charleroi,1224
09/02/2023 14:00:00,Gare de Charleroi,1087
09/02/2023 15:00:00,Gare de Charleroi,1258
09/02/2023 16:00:00,Gare de Charleroi,999
09/02/2023 17:00:00,Gare de Charleroi,890
09/02/2023 18:00:00,Gare de Charleroi,710
09/02/2023 19:00:00,Gare de Charleroi,608
09/02/2023 20:00:00,Gare de Charleroi,524
09/02/2023 21:00:00,Gare de Charleroi,437
09/02/2023 22:00:00,Gare de Charleroi,340
09/02/2023 23:00:00,Gare de Charleroi,441
10/02/2023 00:00:00,Gare de Charleroi,407
10/02/2023 01:00:00,Gare de Charleroi,297
10/02/2023 02:00:00,Gare de Charleroi,251
10/02/2023 03:00:00,Gare de Charleroi,239
10/02/2023 04:00:00,Gare de Charleroi,257
10/02/2023 05:00:00,Gare de Charleroi,300
10/02/2023 06:00:00,Gare de Charleroi,551
10/02/2023 07:00:00,Gare de Charleroi,943
10/02/2023 08:00:00,Gare de Charleroi,898
10/02/2023 09:00:00,Gare de Charleroi,930
10/02/2023 10:00:00,Gare de Charleroi,972
10/02/2023 11:00:00,Gare de Charleroi,1091
10/02/2023 12:00:00,Gare de Charleroi,1018
10/02/2023 13:00:00,Gare de Charleroi,1089
10/02/2023 14:00:00,Gare de Charleroi,1251
10/02/2023 15:00:00,Gare de Charleroi,1202
10/02/2023 16:00:00,Gare de Charleroi,1073
10/02/2023 17:00:00,Gare de Charleroi,986
10/02/2023 18:00:00,Gare de Charleroi,813
10/02/2023 19:00:00,Gare de Charleroi,715
10/02/2023 20:00:00,Gare de Charleroi,634
10/02/2023 21:00:00,Gare de Charleroi,519
10/02/2023 22:00:00,Gare de Charleroi,525
10/02/2023 23:00:00,Gare de Charleroi,473
11/02/2023 00:00:00,Gare de Charleroi,403
11/02/2023 01:00:00,Gare de Charleroi,410
11/02/2023 02:00:00,Gare de Charleroi,364
11/02/2023 03:00:00,Gare de Charleroi,260
11/02/2023 04:00:00,Gare de Charleroi,371
11/02/2023 05:00:00,Gare de Charleroi,333
11/02/2023 06:00:00,Gare de Charleroi,277
11/02/2023 07:00:00,Gare de Charleroi,256
11/02/2023 08:00:00,Gare de Charleroi,528
11/02/2023 09:00:00,Gare de Charleroi,587
11/02/2023 10:00:00,Gare de Charleroi,666
11/02/2023 11:00:00,Gare de Charleroi,841
11/02/2023 12:00:00,Gare de Charleroi,871
11/02/2023 13:00:00,Gare de Charleroi,872
11/02/2023 14:00:00,Gare de Charleroi,1076
11/02/2023 15:00:00,Gare de Charleroi,1041
11/02/2023 16:00:00,Gare de Charleroi,986
11/02/2023 17:00:00,Gare de Charleroi,986
11/02/2023 18:00:00,Gare de Charleroi,890
11/02/2023 19:00:00,Gare de Charleroi,681
11/02/2023 20:00:00,Gare de Charleroi,565
11/02/2023 21:00:00,Gare de Charleroi,564
11/02/2023 22:00:00,Gare de Charleroi,456
11/02/2023 23:00:00,Gare de Charleroi,465
12/02/2023 00:00:00,Gare de Charleroi,371
12/02/2023 01:00:00,Gare de Charleroi,289
12/02/2023 02:00:00,Gare de Charleroi,248
12/02/2023 03:00:00,Gare de Charleroi,283
12/02/2023 04:00:00,Gare de Charleroi,299
12/02/2023 05:00:00,Gare de Charleroi,274
12/02/2023 06:00:00,Gare de Charleroi,493
12/02/2023 07:00:00,Gare de Charleroi,395
12/02/2023 08:00:00,Gare de Charleroi,422
12/02/2023 09:00:00,Gare de Charleroi,399
12/02/2023 10:00:00,Gare de Charleroi,430
12/02/2023 11:00:00,Gare de Charleroi,501
12/02/2023 12:00:00,Gare de Charleroi,499
12/02/2023 13:00:00,Gare de Charleroi,490
12/02/2023 14:00:00,Gare de Charleroi,561
12/02/2023 15:00:00,Gare de Charleroi,518
12/02/2023 16:00:00,Gare de Charleroi,539
12/02/2023 17:00:00,Gare de Charleroi,529
12/02/2023 18:00:00,Gare de Charleroi,533
12/02/2023 19:00:00,Gare de Charleroi,512
12/02/2023 20:00:00,Gare de Charleroi,421
12/02/2023 21:00:00,Gare de Charleroi,429
12/02/2023 22:00:00,Gare de Charleroi,370
12/02/2023 23:00:00,Gare de Charleroi,400
13/02/2023 00:00:00,Gare de Charleroi,299
13/02/2023 01:00:00,Gare de Charleroi,344
13/02/2023 02:00:00,Gare de Charleroi,273
13/02/2023 03:00:00,Gare de Charleroi,255
13/02/2023 04:00:00,Gare de Charleroi,241
13/02/2023 05:00:00,Gare de Charleroi,389
13/02/2023 06:00:00,Gare de Charleroi,547
13/02/2023 07:00:00,Gare de Charleroi,934
13/02/2023 08:00:00,Gare de Charleroi,943
13/02/2023 09:00:00,Gare de Charleroi,945
13/02/2023 10:00:00,Gare de Charleroi,1004
13/02/2023 11:00:00,Gare de Charleroi,1089
13/02/2023 12:00:00,Gare de Charleroi,1066
13/02/2023 13:00:00,Gare de Charleroi,1144
13/02/2023 14:00:00,Gare de Charleroi,1156
13/02/2023 15:00:00,Gare de Charleroi,1125
13/02/2023 16:00:00,Gare de Charleroi,954
13/02/2023 17:00:00,Gare de Charleroi,822
13/02/2023 18:00:00,Gare de Charleroi,755
13/02/2023 19:00:00,Gare de Charleroi,572
13/02/2023 20:00:00,Gare de Charleroi,482
13/02/2023 21:00:00,Gare de Charleroi,478
13/02/2023 22:00:00,Gare de Charleroi,384
13/02/2023 23:00:00,Gare de Charleroi,357
14/02/2023 00:00:00,Gare de Charleroi,286
14/02/2023 01:00:00,Gare de Charleroi,266
14/02/2023 02:00:00,Gare de Charleroi,277
14/02/2023 03:00:00,Gare de Charleroi,262
14/02/2023 04:00:00,Gare de Charleroi,252
14/02/2023 05:00:00,Gare de Charleroi,254
14/02/2023 06:00:00,Gare de Charleroi,487
14/02/2023 07:00:00,Gare de Charleroi,718
14/02/2023 08:00:00,Gare de Charleroi,899
14/02/2023 09:00:00,Gare de Charleroi,935
14/02/2023 10:00:00,Gare de Charleroi,981
14/02/2023 11:00:00,Gare de Charleroi,1125
14/02/2023 12:00:00,Gare de Charleroi,979
14/02/2023 13:00:00,Gare de Charleroi,1102
14/02/2023 14:00:00,Gare de Charleroi,1064
14/02/2023 15:00:00,Gare de Charleroi,1055
14/02/2023 16:00:00,Gare de Charleroi,942
14/02/2023 17:00:00,Gare de Charleroi,785
14/02/2023 18:00:00,Gare de Charleroi,628
14/02/2023 19:00:00,Gare de Charleroi,561
14/02/2023 20:00:00,Gare de Charleroi,450
14/02/2023 21:00:00,Gare de Charleroi,391
14/02/2023 22:00:00,Gare de Charleroi,398
14/02/2023 23:00:00,Gare de Charleroi,371
15/02/2023 00:00:00,Gare de Charleroi,265
15/02/2023 01:00:00,Gare de Charleroi,271
15/02/2023 02:00:00,Gare de Charleroi,325
15/02/2023 03:00:00,Gare de Charleroi,358
15/02/2023 04:00:00,Gare de Charleroi,271
15/02/2023 05:00:00,Gare de Charleroi,290
15/02/2023 06:00:00,Gare de Charleroi,522
15/02/2023 07:00:00,Gare de Charleroi,777
15/02/2023 08:00:00,Gare de Charleroi,778
15/02/2023 09:00:00,Gare de Charleroi,869
15/02/2023 10:00:00,Gare de Charleroi,884
15/02/2023 11:00:00,Gare de Charleroi,924
15/02/2023 12:00:00,Gare de Charleroi,1087
15/02/2023 13:00:00,Gare de Charleroi,1229
15/02/2023 14:00:00,Gare de Charleroi,1090
15/02/2023 15:00:00,Gare de Charleroi,1047
15/02/2023 16:00:00,Gare de Charleroi,926
15/02/2023 17:00:00,Gare de Charleroi,856
15/02/2023 18:00:00,Gare de Charleroi,779
15/02/2023 19:00:00,Gare de Charleroi,621
15/02/2023 20:00:00,Gare de Charleroi,512
15/02/2023 21:00:00,Gare de Charleroi,475
15/02/2023 22:00:00,Gare de Charleroi,424
15/02/2023 23:00:00,Gare de Charleroi,454
16/02/2023 00:00:00,Gare de Charleroi,361
16/02/2023 01:00:00,Gare de Charleroi,281
16/02/2023 02:00:00,Gare de Charleroi,384
16/02/2023 03:00:00,Gare de Charleroi,405
16/02/2023 04:00:00,Gare de Charleroi,337
16/02/2023 05:00:00,Gare de Charleroi,426
16/02/2023 06:00:00,Gare de Charleroi,607
16/02/2023 07:00:00,Gare de Charleroi,781
16/02/2023 08:00:00,Gare de Charleroi,894
16/02/2023 09:00:00,Gare de Charleroi,898
16/02/2023 10:00:00,Gare de Charleroi,925
16/02/2023 11:00:00,Gare de Charleroi,1071
16/02/2023 12:00:00,Gare de Charleroi,1003
16/02/2023 13:00:00,Gare de Charleroi,1104
16/02/2023 14:00:00,Gare de Charleroi,950
16/02/2023 15:00:00,Gare de Charleroi,1029
16/02/2023 16:00:00,Gare de Charleroi,1073
16/02/2023 17:00:00,Gare de Charleroi,871
16/02/2023 18:00:00,Gare de Charleroi,725
16/02/2023 19:00:00,Gare de Charleroi,563
16/02/2023 20:00:00,Gare de Charleroi,591
16/02/2023 21:00:00,Gare de Charleroi,449
16/02/2023 22:00:00,Gare de Charleroi,432
16/02/2023 23:00:00,Gare de Charleroi,416
17/02/2023 00:00:00,Gare de Charleroi,420
17/02/2023 01:00:00,Gare de Charleroi,337
17/02/2023 02:00:00,Gare de Charleroi,289
17/02/2023 03:00:00,Gare de Charleroi,310
17/02/2023 04:00:00,Gare de Charleroi,389
17/02/2023 05:00:00,Gare de Charleroi,407
17/02/2023 06:00:00,Gare de Charleroi,425
17/02/2023 07:00:00,Gare de Charleroi,744
17/02/2023 08:00:00,Gare de Charleroi,882
17/02/2023 09:00:00,Gare de Charleroi,991
17/02/2023 10:00:00,Gare de Charleroi,988
17/02/2023 11:00:00,Gare de Charleroi,972
17/02/2023 12:00:00,Gare de Charleroi,1009
17/02/2023 13:00:00,Gare de Charleroi,1029
17/02/2023 14:00:00,Gare de Charleroi,1079
17/02/2023 15:00:00,Gare de Charleroi,1080
17/02/2023 16:00:00,Gare de Charleroi,1116
17/02/2023 17:00:00,Gare de Charleroi,863
17/02/2023 18:00:00,Gare de Charleroi,709
17/02/2023 19:00:00,Gare de Charleroi,722
17/02/2023 20:00:00,Gare de Charleroi,575
17/02/2023 21:00:00,Gare de Charleroi,556
17/02/2023 22:00:00,Gare de Charleroi,463
17/02/2023 23:00:00,Gare de Charleroi,355
18/02/2023 00:00:00,Gare de Charleroi,400
18/02/2023 01:00:00,Gare de Charleroi,298
18/02/2023 02:00:00,Gare de Charleroi,296
18/02/2023 03:00:00,Gare de Charleroi,272
18/02/2023 04:00:00,Gare de Charleroi,280
18/02/2023 05:00:00,Gare de Charleroi,294
18/02/2023 06:00:00,Gare de Charleroi,271
18/02/2023 07:00:00,Gare de Charleroi,286
18/02/2023 08:00:00,Gare de Charleroi,273
18/02/2023 09:00:00,Gare de Charleroi,552
18/02/2023 10:00:00,Gare de Charleroi,598
18/02/2023 11:00:00,Gare de Charleroi,718
18/02/2023 12:00:00,Gare de Charleroi,697
18/02/2023 13:00:00,Gare de Charleroi,960
18/02/2023 14:00:00,Gare de Charleroi,849
18/02/2023 15:00:00,Gare de Charleroi,801
18/02/2023 16:00:00,Gare de Charleroi,850
18/02/2023 17:00:00,Gare de Charleroi,842
18/02/2023 18:00:00,Gare de Charleroi,684
18/02/2023 19:00:00,Gare de Charleroi,618
18/02/2023 20:00:00,Gare de Charleroi,531
18/02/2023 21:00:00,Gare de Charleroi,617
18/02/2023 22:00:00,Gare de Charleroi,587
18/02/2023 23:00:00,Gare de Charleroi,611
19/02/2023 00:00:00,Gare de Charleroi,467
19/02/2023 01:00:00,Gare de Charleroi,560
19/02/2023 02:00:00,Gare de Charleroi,416
19/02/2023 03:00:00,Gare de Charleroi,478
19/02/2023 04:00:00,Gare de Charleroi,413
19/02/2023 05:00:00,Gare de Charleroi,349
19/02/2023 06:00:00,Gare de Charleroi,314
19/02/2023 07:00:00,Gare de Charleroi,329
19/02/2023 08:00:00,Gare de Charleroi,300
19/02/2023 09:00:00,Gare de Charleroi,441
19/02/2023 10:00:00,Gare de Charleroi,471
19/02/2023 11:00:00,Gare de Charleroi,443
19/02/2023 12:00:00,Gare de Charleroi,465
19/02/2023 13:00:00,Gare de Charleroi,447
19/02/2023 14:00:00,Gare de Charleroi,478
19/02/2023 15:00:00,Gare de Charleroi,532
19/02/2023 16:00:00,Gare de Charleroi,551
19/02/2023 17:00:00,Gare de Charleroi,601
19/02/2023 18:00:00,Gare de Charleroi,486
19/02/2023 19:00:00,Gare de Charleroi,347
19/02/2023 20:00:00,Gare de Charleroi,380
19/02/2023 21:00:00,Gare de Charleroi,420
19/02/2023 22:00:00,Gare de Charleroi,231
19/02/2023 23:00:00,Gare de Charleroi,289
20/02/2023 00:00:00,Gare de Charleroi,240
20/02/2023 01:00:00,Gare de Charleroi,294
20/02/2023 02:00:00,Gare de Charleroi,277
20/02/2023 03:00:00,Gare de Charleroi,232
20/02/2023 04:00:00,Gare de Charleroi,233
20/02/2023 05:00:00,Gare de Charleroi,321
20/02/2023 06:00:00,Gare de Charleroi,539
20/02/2023 07:00:00,Gare de Charleroi,691
20/02/2023 08:00:00,Gare de Charleroi,834
20/02/2023 09:00:00,Gare de Charleroi,880
20/02/2023 10:00:00,Gare de Charleroi,909
20/02/2023 11:00:00,Gare de Charleroi,975
20/02/2023 12:00:00,Gare de Charleroi,963
20/02/2023 13:00:00,Gare de Charleroi,1134
20/02/2023 14:00:00,Gare de Charleroi,1074
20/02/2023 15:00:00,Gare de Charleroi,1079
20/02/2023 16:00:00,Gare de Charleroi,982
20/02/2023 17:00:00,Gare de Charleroi,796
20/02/2023 18:00:00,Gare de Charleroi,701
20/02/2023 19:00:00,Gare de Charleroi,618
20/02/2023 20:00:00,Gare de Charleroi,453
20/02/2023 21:00:00,Gare de Charleroi,476
20/02/2023 22:00:00,Gare de Charleroi,326
20/02/2023 23:00:00,Gare de Charleroi,385
21/02/2023 00:00:00,Gare de Charleroi,378
21/02/2023 01:00:00,Gare de Charleroi,341
21/02/2023 02:00:00,Gare de Charleroi,314
21/02/2023 03:00:00,Gare de Charleroi,304
21/02/2023 04:00:00,Gare de Charleroi,281
21/02/2023 05:00:00,Gare de Charleroi,464
21/02/2023 06:00:00,Gare de Charleroi,589
21/02/2023 07:00:00,Gare de Charleroi,608
21/02/2023 08:00:00,Gare de Charleroi,792
21/02/2023 09:00:00,Gare de Charleroi,882
21/02/2023 10:00:00,Gare de Charleroi,924
21/02/2023 11:00:00,Gare de Charleroi,990
21/02/2023 12:00:00,Gare de Charleroi,1052
21/02/2023 13:00:00,Gare de Charleroi,1194
21/02/2023 14:00:00,Gare de Charleroi,1193
21/02/2023 15:00:00,Gare de Charleroi,1200
21/02/2023 16:00:00,Gare de Charleroi,1061
21/02/2023 17:00:00,Gare de Charleroi,980
21/02/2023 18:00:00,Gare de Charleroi,780
21/02/2023 19:00:00,Gare de Charleroi,611
21/02/2023 20:00:00,Gare de Charleroi,594
21/02/2023 21:00:00,Gare de Charleroi,453
21/02/2023 22:00:00,Gare de Charleroi,444
21/02/2023 23:00:00,Gare de Charleroi,401
22/02/2023 00:00:00,Gare de Charleroi,401
22/02/2023 01:00:00,Gare de Charleroi,259
22/02/2023 02:00:00,Gare de Charleroi,346
22/02/2023 03:00:00,Gare de Charleroi,268
22/02/2023 04:00:00,Gare de Charleroi,282
22/02/2023 05:00:00,Gare de Charleroi,297
22/02/2023 06:00:00,Gare de Charleroi,584
22/02/2023 07:00:00,Gare de Charleroi,677
22/02/2023 08:00:00,Gare de Charleroi,767
22/02/2023 09:00:00,Gare de Charleroi,965
22/02/2023 10:00:00,Gare de Charleroi,986
22/02/2023 11:00:00,Gare de Charleroi,1007
22/02/2023 12:00:00,Gare de Charleroi,1043
22/02/2023 13:00:00,Gare de Charleroi,1134
22/02/2023 14:00:00,Gare de Charleroi,1139
22/02/2023 15:00:00,Gare de Charleroi,1096
22/02/2023 16:00:00,Gare de Charleroi,991
22/02/2023 17:00:00,Gare de Charleroi,933
22/02/2023 18:00:00,Gare de Charleroi,675
22/02/2023 19:00:00,Gare de Charleroi,584
22/02/2023 20:00:00,Gare de Charleroi,490
22/02/2023 21:00:00,Gare de Charleroi,467
22/02/2023 22:00:00,Gare de Charleroi,424
22/02/2023 23:00:00,Gare de Charleroi,399
23/02/2023 00:00:00,Gare de Charleroi,364
23/02/2023 01:00:00,Gare de Charleroi,298
23/02/2023 02:00:00,Gare de Charleroi,264
23/02/2023 03:00:00,Gare de Charleroi,268
23/02/2023 04:00:00,Gare de Charleroi,263
23/02/2023 05:00:00,Gare de Charleroi,458
23/02/2023 06:00:00,Gare de Charleroi,641
23/02/2023 07:00:00,Gare de Charleroi,672
23/02/2023 08:00:00,Gare de Charleroi,896
23/02/2023 09:00:00,Gare de Charleroi,853
23/02/2023 10:00:00,Gare de Charleroi,967
23/02/2023 11:00:00,Gare de Charleroi,1045
23/02/2023 12:00:00,Gare de Charleroi,1153
23/02/2023 13:00:00,Gare de Charleroi,1169
23/02/2023 14:00:00,Gare de Charleroi,1141
23/02/2023 15:00:00,Gare de Charleroi,1115
23/02/2023 16:00:00,Gare de Charleroi,918
23/02/2023 17:00:00,Gare de Charleroi,879
23/02/2023 18:00:00,Gare de Charleroi,648
23/02/2023 19:00:00,Gare de Charleroi,606
23/02/2023 20:00:00,Gare de Charleroi,472
23/02/2023 21:00:00,Gare de Charleroi,482
23/02/2023 22:00:00,Gare de Charleroi,380
23/02/2023 23:00:00,Gare de Charleroi,346
24/02/2023 00:00:00,Gare de Charleroi,315
24/02/2023 01:00:00,Gare de Charleroi,396
24/02/2023 02:00:00,Gare de Charleroi,399
24/02/2023 03:00:00,Gare de Charleroi,327
24/02/2023 04:00:00,Gare de Charleroi,307
24/02/2023 05:00:00,Gare de Charleroi,298
24/02/2023 06:00:00,Gare de Charleroi,465
24/02/2023 07:00:00,Gare de Charleroi,559
24/02/2023 08:00:00,Gare de Charleroi,636
24/02/2023 09:00:00,Gare de Charleroi,855
24/02/2023 10:00:00,Gare de Charleroi,893
24/02/2023 11:00:00,Gare de Charleroi,943
24/02/2023 12:00:00,Gare de Charleroi,1070
24/02/2023 13:00:00,Gare de Charleroi,1059
24/02/2023 14:00:00,Gare de Charleroi,976
24/02/2023 15:00:00,Gare de Charleroi,1112
24/02/2023 16:00:00,Gare de Charleroi,1059
24/02/2023 17:00:00,Gare de Charleroi,929
24/02/2023 18:00:00,Gare de Charleroi,805
24/02/2023 19:00:00,Gare de Charleroi,649
24/02/2023 20:00:00,Gare de Charleroi,562
24/02/2023 21:00:00,Gare de Charleroi,522
24/02/2023 22:00:00,Gare de Charleroi,439
24/02/2023 23:00:00,Gare de Charleroi,379
25/02/2023 00:00:00,Gare de Charleroi,320
25/02/2023 01:00:00,Gare de Charleroi,274
25/02/2023 02:00:00,Gare de Charleroi,340
25/02/2023 03:00:00,Gare de Charleroi,348
25/02/2023 04:00:00,Gare de Charleroi,364
25/02/2023 05:00:00,Gare de Charleroi,315
25/02/2023 06:00:00,Gare de Charleroi,317
25/02/2023 07:00:00,Gare de Charleroi,298
25/02/2023 08:00:00,Gare de Charleroi,281
25/02/2023 09:00:00,Gare de Charleroi,524
25/02/2023 10:00:00,Gare de Charleroi,544
25/02/2023 11:00:00,Gare de Charleroi,749
25/02/2023 12:00:00,Gare de Charleroi,791
25/02/2023 13:00:00,Gare de Charleroi,804
25/02/2023 14:00:00,Gare de Charleroi,880
25/02/2023 15:00:00,Gare de Charleroi,915
25/02/2023 16:00:00,Gare de Charleroi,974
25/02/2023 17:00:00,Gare de Charleroi,884
25/02/2023 18:00:00,Gare de Charleroi,664
25/02/2023 19:00:00,Gare de Charleroi,603
25/02/2023 20:00:00,Gare de Charleroi,507
25/02/2023 21:00:00,Gare de Charleroi,401
25/02/2023 22:00:00,Gare de Charleroi,392
25/02/2023 23:00:00,Gare de Charleroi,370
26/02/2023 00:00:00,Gare de Charleroi,369
26/02/2023 01:00:00,Gare de Charleroi,361
26/02/2023 02:00:00,Gare de Charleroi,415
26/02/2023 03:00:00,Gare de Charleroi,386
26/02/2023 04:00:00,Gare de Charleroi,305
26/02/2023 05:00:00,Gare de Charleroi,282
26/02/2023 06:00:00,Gare de Charleroi,269
26/02/2023 07:00:00,Gare de Charleroi,261
26/02/2023 08:00:00,Gare de Charleroi,261
26/02/2023 09:00:00,Gare de Charleroi,290
26/02/2023 10:00:00,Gare de Charleroi,288
26/02/2023 11:00:00,Gare de Charleroi,382
26/02/2023 12:00:00,Gare de Charleroi,515
26/02/2023 13:00:00,Gare de Charleroi,529
26/02/2023 14:00:00,Gare de Charleroi,412
26/02/2023 15:00:00,Gare de Charleroi,466
26/02/2023 16:00:00,Gare de Charleroi,448
26/02/2023 17:00:00,Gare de Charleroi,483
26/02/2023 18:00:00,Gare de Charleroi,481
26/02/2023 19:00:00,Gare de Charleroi,451
26/02/2023 20:00:00,Gare de Charleroi,366
26/02/2023 21:00:00,Gare de Charleroi,268
26/02/2023 22:00:00,Gare de Charleroi,336
26/02/2023 23:00:00,Gare de Charleroi,302
27/02/2023 00:00:00,Gare de Charleroi,278
27/02/2023 01:00:00,Gare de Charleroi,327
27/02/2023 02:00:00,Gare de Charleroi,330
27/02/2023 03:00:00,Gare de Charleroi,363
27/02/2023 04:00:00,Gare de Charleroi,275
27/02/2023 05:00:00,Gare de Charleroi,241
27/02/2023 06:00:00,Gare de Charleroi,571
27/02/2023 07:00:00,Gare de Charleroi,637
27/02/2023 08:00:00,Gare de Charleroi,746
27/02/2023 09:00:00,Gare de Charleroi,866
27/02/2023 10:00:00,Gare de Charleroi,976
27/02/2023 11:00:00,Gare de Charleroi,1037
27/02/2023 12:00:00,Gare de Charleroi,1011
27/02/2023 13:00:00,Gare de Charleroi,1168
27/02/2023 14:00:00,Gare de Charleroi,1013
27/02/2023 15:00:00,Gare de Charleroi,1005
27/02/2023 16:00:00,Gare de Charleroi,959
27/02/2023 17:00:00,Gare de Charleroi,698
27/02/2023 18:00:00,Gare de Charleroi,739
27/02/2023 19:00:00,Gare de Charleroi,532
27/02/2023 20:00:00,Gare de Charleroi,486
27/02/2023 21:00:00,Gare de Charleroi,304
27/02/2023 22:00:00,Gare de Charleroi,382
27/02/2023 23:00:00,Gare de Charleroi,331
28/02/2023 00:00:00,Gare de Charleroi,267